id,title,genres,release_year,popularity,poster_url,combined_features
8427,I Spy,Action Adventure Comedy Thriller,2002,13.267631,,"When the Switchblade, the most sophisticated prototype stealth fighter created yet, is stolen from the U.S. government, one of the United States' top spies, Alex Scott, is called to action. What he doesn't expect is to get teamed up with a cocky civilian, World Class Boxing Champion Kelly Robinson, on a dangerous top secret espionage mission. Their assignment: using equal parts skill and humor, catch Arnold Gundars, one of the world's most successful arms dealers. Action Adventure Comedy Thriller budapest kidnapping boxer secret agent liberation of hostage hostage-taking woman director Eddie Murphy Owen Wilson Famke Janssen Keith Dallas Malcolm McDowell Betty Thomas"
13006,Split Second,Thriller Action Horror Science Fiction Crime,1992,4.857028,,"In a futuristic London, the rising sea levels mean that large areas are under feet of water. Hauer plays a cop who previously lost his partner to some strange creature. Now the creature is back and its after him. Thriller Action Horror Science Fiction Crime flooding futuristic police detective Rutger Hauer Kim Cattrall Michael J. Pollard Alastair Duncan Alun Armstrong Tony Maylam"
18041,Gossip,Drama Mystery Thriller,2000,5.833687,,"On a beautiful college campus, something ugly is about to be spread around. A bit of gossip that was told is starting to take a frightening turn. Who could it have offended and how far will the person on the other side of the gossip handle the embarrassing situation. Drama Mystery Thriller college suspense gossip rumor social experiment Joshua Jackson James Marsden Kate Hudson Lena Headey Norman Reedus Davis Guggenheim"
5038,Vicky Cristina Barcelona,Drama Romance,2008,32.758254,,"Two girlfriends on a summer holiday in Spain become enamored with the same painter, unaware that his ex-wife, with whom he has a tempestuous relationship, is about to re-enter the picture. Drama Romance barcelona spain menage a trois author Scarlett Johansson Rebecca Hall Javier Bardem Penélope Cruz Christopher Evan Welch Woody Allen"
767,Harry Potter and the Half-Blood Prince,Adventure Fantasy Family,2009,98.885637,,"As Harry begins his sixth year at Hogwarts, he discovers an old book marked as 'Property of the Half-Blood Prince', and begins to learn more about Lord Voldemort's dark past. Adventure Fantasy Family witch magic broom school of witchcraft wizardry apparition teenage crush werewolf Daniel Radcliffe Rupert Grint Emma Watson Tom Felton Michael Gambon David Yates"
395,AVP: Alien vs. Predator,Adventure Science Fiction Action,2004,42.957216,,"When scientists discover something in the Arctic that appears to be a buried Pyramid, they send a research team out to investigate. Little do they know that they are about to step into a hunting ground where Aliens are grown as sport for the Predator race. Adventure Science Fiction Action saving the world predator laserpointer space marine pyramid praise alien xenomorph Sanaa Lathan Raoul Bova Ewen Bremner Colin Salmon Tommy Flanagan Paul W.S. Anderson"
6521,The Contender,Drama Thriller,2000,7.029126,,"Political thriller about Laine Hanson's nomination and confirmation as Vice President. An allegation that she was involved in a sexual orgy at the age of 19 is leaked to the press. As pressure mounts on Laine, she's torn between fighting back or sticking to her principles and refusing to comment on the allegations. Drama Thriller politics suspense Gary Oldman Joan Allen Jeff Bridges Christian Slater Sam Elliott Rod Lurie"
1597,Meet the Parents,Comedy Romance,2000,29.97224,,"Greg Focker is ready to marry his girlfriend, Pam, but before he pops the question, he must win over her formidable father, humorless former CIA agent Jack Byrnes, at the wedding of Pam's sister. As Greg bends over backward to make a good impression, his visit to the Byrnes home turns into a hilarious series of disasters, and everything that can go wrong does, all under Jack's critical, hawklike gaze. Comedy Romance cia airport cat jew orderly airplane father-in-law epistaxis daughter lost baggage urn pavilion volleyball hospital wedding Ben Stiller Robert De Niro Teri Polo Blythe Danner Owen Wilson Jay Roach"
19255,Away We Go,Drama Comedy Romance,2009,10.13559,,"Verona and Burt have moved to Colorado to be close to Burt's parents but, with Veronica expecting their first child, Burt’s parents decide to move to Belgium, now leaving them in a place they hate and without a support structure in place. They set off on a whirlwind tour of of disparate locations where they have friends or relatives, sampling not only different cities and climates but also different families. Along the way they realize that the journey is less about discovering where they want to live and more about figuring out what type of parents they want to be. Drama Comedy Romance interracial relationship dead father reference to bob dylan biracial bedtime story unmarried couple medical illustrator disguised voice reference to huckleberry finn student protest sonogram expectant grandmother dead parents testicles John Krasinski Maya Rudolph Carmen Ejogo Catherine O'Hara Jeff Daniels Sam Mendes"
20764,Sleep Dealer,Drama Science Fiction Thriller,2008,4.624691,,"Set in a near-future, militarized world marked by closed borders, virtual labor and a global digital network that joins minds and experiences, three strangers risk their lives to connect with each other and break the barriers of technology. Drama Science Fiction Thriller virtual reality dystopia moral conflict computer loneliness water shortage teacher Leonor Varela Jacob Vargas Luis Fernando Peña Alex Rivera"
56491,In Her Line of Fire,Drama Action Thriller,2006,0.429587,,"When the Vice President's plane goes down near a remote Pacific island, he is kidnapped by rebel forces and held for ransom. It is up to his female Secret Service agent and a press secretary to infiltrate the camp and save him. Drama Action Thriller rebel usa president hostage airplane Mariel Hemingway David Keith David Millbern Jill Bennett Sydney Jackson Brian Trenchard-Smith"
241771,Beyond the Lights,Romance Drama,2014,8.079046,,"Noni Jean is a hot new rising star. But not all is what it seems, and the pressure causes Noni to nearly fall apart - until she meets Kaz Nicol, a promising young cop and aspiring politician who's been assigned to her detail. Can Kaz's love give Noni the courage to find her own voice and break free to become the artist she was meant to be? Romance Drama talent success musician woman director Gugu Mbatha-Raw Nate Parker Minnie Driver Machine Gun Kelly Danny Glover Gina Prince-Bythewood"
987,The Front Page,Romance Drama Comedy,1974,4.117968,,A journalist suffering from burn-out wants to finally say goodbye to his office – but his boss doesn’t like the idea one bit. Romance Drama Comedy chicago journalist newspaper marriage proposal stress father-in-law newspaper man Jack Lemmon Walter Matthau Susan Sarandon Vincent Gardenia David Wayne Billy Wilder
103,Taxi Driver,Crime Drama,1976,58.845025,,"A mentally unstable Vietnam War veteran works as a night-time taxi driver in New York City where the perceived decadence and sleaze feeds his urge for violent action, attempting to save a preadolescent prostitute in the process. Crime Drama vietnam veteran taxi obsession drug dealer night shift vigilante alienation misanthrope shot to death illegal prostitution loner Robert De Niro Cybill Shepherd Harvey Keitel Jodie Foster Peter Boyle Martin Scorsese"
37834,Knight and Day,Action Comedy,2010,44.906918,,"A fugitive couple goes on a glamorous and sometimes deadly adventure where nothing and no one – even themselves – are what they seem. Amid shifting alliances and unexpected betrayals, they race across the globe, with their survival ultimately hinging on the battle of truth vs. trust. Action Comedy spy airport gas station garage pilot chase secret agent rope exploding building car chase police car boy genius duringcreditsstinger Tom Cruise Cameron Diaz Peter Sarsgaard Viola Davis Jordi Mollà James Mangold"
9946,End of Days,Action Fantasy Horror Mystery,1999,20.652943,,"On December 28th, 1999, the citizens of New York City are getting ready for the turn of the millennium. However, the Devil decides to crash the party by coming to the city, inhabiting a man's body, and searching for his chosen bride, a 20-year-old woman named Christine York. The world will end, and the only hope lies within an atheist called Jericho Cane. Action Fantasy Horror Mystery christianity sex new year's eve pastor nudity mephisto nightmare bible satanist faith ex-cop anti-christ millenium atheist suspense priest hospital train new york city explosion church violence devil woman in jeopardy satanic flashback stigmata Arnold Schwarzenegger Gabriel Byrne Kevin Pollak Robin Tunney CCH Pounder Peter Hyams"
2577,Code 46,Drama Romance Science Fiction Thriller,2003,8.859657,,"A futuristic 'Brief Encounter', a love story in which the romance is doomed by genetic incompatibility. Drama Romance Science Fiction Thriller seattle shanghai future insurance salesman dystopia Tim Robbins Samantha Morton Nabil Elouahabi Om Puri Emil Marwa Michael Winterbottom"
18828,Double Take,Adventure Drama Action Comedy Romance,2001,1.903405,,"The governor of a Mexican state is assassinated. Soon after, junior executive Daryl Chase's life turns upside down: after he flags a huge transfer of funds from a Mexican account as probably illegal, he's attacked in his apartment, rescued by a CIA agent, finds his secretary shot dead, and witnesses two cops get killed. He calls the CIA guy who tells him to grab the next train to Mexico. Leaving M Adventure Drama Action Comedy Romance mexico cia fbi train Orlando Jones Eddie Griffin Garcelle Beauvais Gary Grubbs Daniel Roebuck George Gallo"
33196,해운대,Action Adventure Drama Thriller,2009,4.628525,,"Man-sik and Yeon-hee, are unsure as to whether they can overcome past wounds and continue being a couple. Dr. Kim, who cautions against a possible mega-tsunami at Haeundae, collapses in agony springing from an unexpected turn-up of his daughter and divorced wife. Hyoung-sik, after rescuing a woman from Seoul, rides out a ferocious storm to gladden her heart. A tsunami which destroys Haeundae symbolizes the establishment of a typical axis called provocation of conflicts, and later the inner spaces of the couples without anything left behind after all conflicts have ended Action Adventure Drama Thriller helicopter beach loss of father giant wave tsunami family relationships korea disaster cigarette smoking tears single father tearjerker stuck in elevator tidal wave disaster film Park Joong-hoon Sol Kyung-gu Uhm Jung-hwa Ha Ji-won Lee Briggs Yoon Je-kyoon"
1599,I Heart Huckabees,Comedy Romance,2004,14.925633,,"A husband-and-wife team play detective, but not in the traditional sense. Instead, the happy duo helps others solve their existential issues, the kind that keep you up at night, wondering what it all means. Comedy Romance sex detective jealousy humor protest wife celebrity rivalry independent film religion universe anger nature husband existentialism enviroment issues Jason Schwartzman Dustin Hoffman Lily Tomlin Jude Law Mark Wahlberg David O. Russell"
468,My Own Private Idaho,Drama Romance,1991,10.363642,,"In this loose adaptation of Shakespeare's ""Henry IV,"" Mike Waters (River Phoenix) is a gay hustler afflicted with narcolepsy. Scott Favor (Keanu Reeves) is the rebellious son of a mayor. Together, the two travel from Portland, Oregon to Idaho and finally to the coast of Italy in a quest to find Mike's estranged mother. Along the way they turn tricks for money and drugs, eventually attracting the attention of a wealthy benefactor and sexual deviant. Drama Romance individual gay father son relationship rome robbery treasure portland cocaine generations confilct idaho hustler german seattle narkolepsy pink bathrobe prostitution gay sex incest lgbt road movie River Phoenix Keanu Reeves James Russo William Richert Rodney Harvey Gus Van Sant"
3172,Bandits,Action Comedy Crime Romance,2001,24.353302,,Two bank robbers fall in love with the girl they've kidnapped. Action Comedy Crime Romance prison Bruce Willis Billy Bob Thornton Cate Blanchett Troy Garity William Converse-Roberts Barry Levinson
31306,Crazy in Alabama,Comedy Drama,1999,5.770246,,An abused wife heads to California to become a movie star while her nephew back in Alabama has to deal with a racially-motivated murder involving a corrupt sheriff. Comedy Drama  Melanie Griffith David Morse Lucas Black Cathy Moriarty Meat Loaf Antonio Banderas
19913,(500) Days of Summer,Comedy Drama Romance,2009,45.610993,,"Tom (Joseph Gordon-Levitt), greeting-card writer and hopeless romantic, is caught completely off-guard when his girlfriend, Summer (Zooey Deschanel), suddenly dumps him. He reflects on their 500 days together to try to figure out where their love affair went sour, and in doing so, Tom rediscovers his true passions in life. Comedy Drama Romance date sex jealousy fight architect gallery interview sister party love friends fate los angeles summer ikea year heartache Joseph Gordon-Levitt Zooey Deschanel Chloë Grace Moretz Geoffrey Arend Matthew Gray Gubler Marc Webb"
64685,Extremely Loud & Incredibly Close,Drama,2011,31.066874,,"A year after his father's death, Oskar, a troubled young boy, discovers a mysterious key he believes was left for him by his father and embarks on a scavenger hunt to find the matching lock. Drama based on novel autism key scavenger hunt death of father young boy new york city tambourine lock grieving post 9/11 Thomas Horn Tom Hanks Sandra Bullock Max von Sydow John Goodman Stephen Daldry"
74643,The Artist,Drama Comedy Romance,2011,29.943316,,"Hollywood, 1927: As silent movie star George Valentin wonders if the arrival of talking pictures will cause him to fade into oblivion, he sparks with Peppy Miller, a young dancer set for a big break. Drama Comedy Romance film producer film history movie studio hollywood dog mustache hollywoodland silent film marquee terrier movie star flapper silent film star Jean Dujardin Bérénice Bejo John Goodman James Cromwell Penelope Ann Miller Michel Hazanavicius"
23988,Stan Helsing,Comedy Horror,2009,7.410523,,"It's Halloween night and video store clerk Stan Helsing just got stuck with a last minute request to deliver some videos. With his best friend, his best friend's date, and a smoking hot ex-girlfriend waiting to go to a party, Stan convinces them to take a side trip to Stormy Night Estates for the drop. But the group gets locked inside and Stan discovers he's actually Stan Van Helsing, descendan Comedy Horror halloween slapstick duringcreditsstinger Diora Baird Leslie Nielsen Steve Howey Kenan Thompson Tara Wilson Bo Zenga"
11015,The Relic,Horror Mystery Thriller,1997,12.621769,,"A researcher at Chicago's Natural History Museum returns from South America with some crates containing his findings. When the crates arrive at the museum without the owner there appears to be very little inside. However, police discover gruesome murders on the cargo ship that brought the crates to the US and then another murder in the museum itself. Horror Mystery Thriller chicago based on novel monster museum pile of dead bodies god dead body anthropologist indian tribe amazon jungle Penelope Ann Miller Tom Sizemore Linda Hunt James Whitmore Clayton Rohner Peter Hyams"
10185,The Midnight Meat Train,Mystery Drama Crime Thriller Horror,2008,19.913961,,"The photographer Leon lives with his girlfriend and waitress Maya waiting for a chance to get in the photo business. When Maya contacts their friend Jurgis, he schedules a meeting for Leon with the successful owner of arts gallery Susan Hoff; she analyzes Leon's work and asks him to improve the quality of his photos. During the night, the upset Leon decides to wander on the streets taking pictures with his camera, and he follows three punks down to the subway station; when the gang attacks a young woman, Leon defends her and the guys move on. On the next morning, Leon discovers that the woman is missing. He goes to the police station, but Detective Lynn Hadley does not give much attention to him and discredits his statement. Leon becomes obsessed to find what happened with the stranger and he watches the subway station. When he sees the elegant butcher Mahogany in the train, Leon believes he might be a murderer and stalks him everywhere, in the beginning of his journey to the darkness. Mystery Drama Crime Thriller Horror photographer butcher vegetarian midnight blood splatter gore stalking diner decapitation blood violence subway train very little dialogue Bradley Cooper Vinnie Jones Brooke Shields Leslie Bibb Roger Bart Ryûhei Kitamura"
71676,Ghost Rider: Spirit of Vengeance,Action Fantasy Thriller,2011,48.622278,,"When the devil resurfaces with aims to take over the world in human form, Johnny Blaze reluctantly comes out of hiding to transform into the flame-spewing supernatural hero Ghost Rider -- and rescue a 10-year-old boy from an unsavory end. Action Fantasy Thriller monk eastern europe skeleton biker marvel comic superhero motorcycle devil dark hero ghost rider Nicolas Cage Ciarán Hinds Violante Placido Fergus Riordan Johnny Whitworth Brian Taylor Mark Neveldine"
9709,My Summer of Love,Drama Thriller Romance,2004,3.939753,,"In the Yorkshire countryside, working-class tomboy Mona meets the exotic, pampered Tasmin. Over the summer season, the two young women discover they have much to teach one another, and much to explore together. Drama Thriller Romance england brother sister relationship becoming an adult northern england female friendship moped lesbian relationship homosexuality summer tomboy lgbt Natalie Press Emily Blunt Paddy Considine Dean Andrews Paweł Pawlikowski"
4911,Dark Blue,Action Crime Drama Thriller,2002,6.373316,,"Set during the Rodney King riots, a robbery homicide investigation triggers a series of events that will cause a corrupt LAPD officer to question his tactics. Action Crime Drama Thriller corruption police brutality riot ghetto street war hold-up robbery moral conflict special unit police everyday life cops independent film los angeles family Kurt Russell Scott Speedman Michael Michele Brendan Gleeson Ving Rhames Ron Shelton"
24,Kill Bill: Vol. 1,Action Crime,2003,79.754966,,"An assassin is shot at the altar by her ruthless employer, Bill and other members of their assassination circle – but 'The Bride' lives to plot her vengeance. Setting out for some payback, she makes a death list and hunts down those who wronged her, saving Bill for last. Action Crime japan coma martial arts kung fu underworld yakuza sword bride revenge gore female yakuza blood wedding samurai sword part animation Uma Thurman Lucy Liu Vivica A. Fox Daryl Hannah David Carradine Quentin Tarantino"
57120,Meek's Cutoff,Drama Western,2010,4.749885,,"Set in 1845, this drama follows a group of settlers as they embark on a punishing journey along the Oregon Trail. When their guide leads them astray, the expedition is forced to contend with the unforgiving conditions of the high plain desert. Drama Western gold oregon thirst tree settler family relationships native american salt lake city pioneer woman director Michelle Williams Bruce Greenwood Will Patton Zoe Kazan Paul Dano Kelly Reichardt"
68722,The Master,Drama,2012,25.682509,,"Freddie, a volatile, heavy-drinking veteran who suffers from post-traumatic stress disorder, finds some semblance of a family when he stumbles onto the ship of Lancaster Dodd, the charismatic leader of a new ""religion"" he forms after World War II. Drama post traumatic stress  disorder sexual obsession postwar period drifter alcoholic cult leader scientology religious cult charismatic leader right hand man Joaquin Phoenix Philip Seymour Hoffman Amy Adams Laura Dern Jesse Plemons Paul Thomas Anderson"
335,C'era una volta il West,Western,1968,49.333137,,This classic western masterpiece is an epic film about a widow whose land and life are in danger as the railroad is getting closer and closer to taking them over. A mysterious harmonica player joins forces with a desperado to protect the woman and her land. Western showdown bounty bounty hunter loss of brother sadness blackmail harmonica anti hero auction dying and death peasant insanity spaghetti western Henry Fonda Claudia Cardinale Jason Robards Charles Bronson Gabriele Ferzetti Sergio Leone
2268,The Golden Compass,Adventure Fantasy,2007,42.990906,,"After overhearing a shocking secret, precocious orphan Lyra Belacqua trades her carefree existence roaming the halls of Jordan College for an otherworldly adventure in the far North, unaware that it's part of her destiny. Adventure Fantasy england compass experiment lordship uncle polar bear orphan animal based on young adult novel Dakota Blue Richards Nicole Kidman Daniel Craig Sam Elliott Eva Green Chris Weitz"
152760,The Monuments Men,War Drama History Action,2014,43.873266,,"Based on the true story of the greatest treasure hunt in history, The Monuments Men is an action drama focusing on seven over-the-hill, out-of-shape museum directors, artists, architects, curators, and art historians who went to the front lines of WWII to rescue the world’s artistic masterpieces from Nazi thieves and return them to their rightful owners.  With the art hidden behind enemy lines, how could these guys hope to succeed? War Drama History Action world war ii nazis art theft post world war ii Matt Damon Cate Blanchett George Clooney Bill Murray John Goodman George Clooney"
24973,The Egyptian,History Drama,1954,4.079111,,"In eighteenth-dynasty Egypt, Sinuhe, a poor orphan, becomes a brilliant physician and with his friend Horemheb is appointed to the service of the new Pharoah. Sinuhe's personal triumphs and tragedies are played against the larger canvas of the turbulent events of the 18th dynasty. As Sinuhe is drawn into court intrigues he learns the answers to the questions he has sought since his birth. History Drama egypt Jean Simmons Victor Mature Gene Tierney Peter Ustinov Edmund Purdom Michael Curtiz"
39055,Free Style,Drama Family,2008,0.122874,,"Cale Bryant is determined to win a coveted spot on the Grand National motocross racing team. With the support of his loving mother, precocious little sister and new girlfriend, Cale proves against all odds that he has the heart, the willpower and the courage never to give up on his dream. Drama Family duringcreditsstinger Corbin Bleu Sandra Echeverría Madison Pettis William Dear"
36668,X-Men: The Last Stand,Adventure Action Science Fiction Thriller,2006,3.857526,,"When a cure is found to treat mutations, lines are drawn amongst the X-Men and The Brotherhood, a band of powerful mutants organized under Xavier's former ally, Magneto. Adventure Action Science Fiction Thriller mutant marvel comic based on comic book superhuman beast cyclops aftercreditsstinger Hugh Jackman Halle Berry Ian McKellen Patrick Stewart Famke Janssen Brett Ratner"
1366,Rocky,Drama,1976,72.19808,,"When world heavyweight boxing champion, Apollo Creed wants to give an unknown fighter a shot at the title as a publicity stunt, his handlers choose palooka Rocky Balboa, an uneducated collector for a Philadelphia loan shark. Rocky teams up with trainer  Mickey Goldmill to make the most of this once in a lifetime break. Drama underdog philadelphia transporter italo-american fight love of one's life publicity boxer independence boxing match training lovers surprise world champion amateur victory Sylvester Stallone Talia Shire Burt Young Carl Weathers Burgess Meredith John G. Avildsen"
2787,Pitch Black,Thriller Science Fiction Action,2000,18.493202,,"When their ship crash-lands on a remote planet, the marooned passengers soon learn that escaped convict Riddick isn't the only thing they have to fear. Deadly creatures lurk in the shadows, waiting to attack in the dark, and the planet is rapidly plunging into the utter blackness of a total eclipse. With the body count rising, the doomed survivors are forced to turn to Riddick with his eerie eyes to guide them through the darkness to safety. With time running out, there's only one rule: Stay in the light. Thriller Science Fiction Action darkness dystopia comet alien life-form survival eclipse flask corps Vin Diesel Radha Mitchell Cole Hauser Lewis Fitz-Gerald Claudia Black David Twohy"
10138,Iron Man 2,Adventure Action Science Fiction,2010,77.300194,,"With the world now aware of his dual life as the armored superhero Iron Man, billionaire inventor Tony Stark faces pressure from the government, the press and the public to share his technology with the military. Unwilling to let go of his invention, Stark, with Pepper Potts and James 'Rhodey' Rhodes at his side, must forge new alliances – and confront powerful enemies. Adventure Action Science Fiction malibu marvel comic superhero based on comic book revenge aftercreditsstinger marvel cinematic universe Robert Downey Jr. Gwyneth Paltrow Don Cheadle Scarlett Johansson Mickey Rourke Jon Favreau"
47889,Ruby in Paradise,Drama Romance,1993,0.59424,,"Reeling from her mother's recent death, Ruby Lee Gissing relocates to Florida to start anew. After finding a job at a souvenir store, Ruby becomes friends with the shop's owner, Mildred Chambers, and slowly acclimates to her new surroundings. Before long, she's juggling the affections of Mildred's Lothario son, Ricky, and the good-natured Mike. As she wavers between Ricky and Mike, Ruby also tries to come to terms with her past. Drama Romance independent film Ashley Judd Todd Field Bentley Mitchum Dorothy Lyman Allison Dean Victor Nunez"
41513,The Smurfs,Animation Family Adventure Comedy Fantasy,2011,36.65422,,"When the evil wizard Gargamel chases the tiny blue Smurfs out of their village, they tumble from their magical world and into ours -- in fact, smack dab in the middle of Central Park. Just three apples high and stuck in the Big Apple, the Smurfs must find a way to get back to their village before Gargamel tracks them down. Animation Family Adventure Comedy Fantasy moon magic based on comic book animation good vs evil smurf blue vortex mischief cat and mouse duringcreditsstinger Hank Azaria Neil Patrick Harris Jayma Mays Sofía Vergara Tim Gunn Raja Gosnell"
17917,Oliver!,Drama Family Music,1968,8.305998,,"Musical adaptation of Charles Dickens' Oliver Twist, a classic tale of an orphan who runs away from the workhouse and joins up with a group of boys headed by the Artful Dodger and trained to be pickpockets by master thief Fagin. Drama Family Music pickpocket musical victorian england orphan Ron Moody Shani Wallis Oliver Reed Harry Secombe Mark Lester Carol Reed"
309,Festen,Drama,1998,10.240917,,"A grandiose party to celebrate a sixtieth birthday unleashes a family drama with all the lies that conceal horrendous secrets. The eldest son, Christian, stages a showdown with the popular pater familias; his provocative, moving after-dinner speech dislodges all the masks, which finally fall completely as the father-son conflict intensifies and the bewildered guests look on. Drama suicide father son relationship child abuse sexual abuse depression parents kids relationship secret birthday twin sister hotelier country house daughter dogme 95 family reunion lecture child Ulrich Thomsen Henning Moritzen Thomas Bo Larsen Paprika Steen Birthe Neumann Thomas Vinterberg"
274854,The Last Witch Hunter,Fantasy Action Adventure,2015,52.612025,,"The modern world holds many secrets, but by far the most astounding is that witches still live among us; vicious supernatural creatures intent on unleashing the Black Death upon the world and putting an end to the human race once and for all. Armies of witch hunters have battled this unnatural enemy for centuries, including Kaulder, a valiant warrior who many years ago slayed the all-powerful Witch Queen, decimating her followers in the process. In the moments right before her death, the Queen cursed Kaulder with immortality, forever separating him from his beloved wife and daughter. Today, Kaulder is the last living hunter who has spent his immortal life tracking down rogue witches, all the while yearning for his long-lost family. Fantasy Action Adventure new york witch uprising witch hunter Vin Diesel Rose Leslie Elijah Wood Ólafur Darri Ólafsson Rena Owen Breck Eisner"
8617,Prom Night,Crime Horror,2008,9.642041,,"Donna's senior prom is supposed to be the best night of her life, though a sadistic killer from her past has different plans for her and her friends. Crime Horror aunt remake blood on shirt slasher death of family masturbation kicked in the face renovation black stereotype chest Brittany Snow Scott Porter Jessica Stroup Dana Davis Kelly Blatz Nelson McCormick"
13551,The Dead Girl,Mystery Drama Crime Thriller,2006,3.069605,,The clues to a young woman's death come together as the lives of seemingly unrelated people begin to intersect. Mystery Drama Crime Thriller prostitute fire newspaper independent film woman director Brittany Murphy Toni Collette Rose Byrne Josh Brolin James Franco Karen Moncrieff
10878,Saving Silverman,Comedy Crime Romance,2001,12.887673,,"A pair of buddies conspire to save their best friend from marrying the wrong woman, a cold-hearted beauty who snatches him from them and breaks up their Neil Diamond cover band. Comedy Crime Romance female nudity harassment male friendship dark comedy director cameo duringcreditsstinger Jason Biggs Steve Zahn Jack Black Amanda Peet Amanda Detmer Dennis Dugan"
39833,Love Me Tender,Drama Action Western Music Romance,1956,1.444258,,Elvis Prestley's first film is a Civil War drama. Drama Action Western Music Romance civil war Richard Egan Debra Paget Elvis Presley Robert Middleton William Campbell Robert D. Webb
9678,Little Nicky,Comedy Fantasy Romance,2000,18.335992,,"After the lord of darkness decides he will not cede his thrown to any of his three sons, the two most powerful of them escape to Earth to create a kingdom for themselves. This action closes the portal filtering sinful souls to Hell and causes Satan to wither away. He must send his most weak but beloved son, Little Nicky, to Earth to return his brothers to Hell. Comedy Fantasy Romance father son relationship brother sister relationship mephisto bulldogg Adam Sandler Patricia Arquette Harvey Keitel Rhys Ifans Tom Lister Jr. Steven Brill"
48463,Incident at Loch Ness,Adventure Comedy Horror,2004,1.452152,,"The German film director Werner Herzog sets out to the Scottish Highlands to make a documentary, ""Enigma of Loch Ness"", exploding the myth of the Loch Ness Monster. Meanwhile, another documentary film crew is making a film about Werner Herzog, and we see the production of ""Enigma"" from their point of view. Shooting on a rented boat, tensions begin to rise as director Herzog and his producer, Zak Penn, find themselves at cross-purposes on the black surface of Loch Ness. Things get very edgy when the film crew starts seeing shapes in the murky water. Adventure Comedy Horror  Werner Herzog Kitana Baker Gabriel Beistain Russell Williams II David A. Davidson Zak Penn"
10641,Autumn in New York,Drama Romance,2000,8.680334,,"Autumn in New York follows the sexual exploits of Will Keane - New York restaurateur, infamous verging-on-50 playboy, master of the no-commitment seduction - until he runs into an unexpected dead end when he meets Charlotte Fielding. Charlotte is half Will's age and twice his match, a 21 year-old free spirit yearning to get out and taste the excitement of adult life. Drama Romance new love love of one's life unexpected happiness dying and death success kiss love relationship unhappiness woman director fear of dying Richard Gere Winona Ryder Anthony LaPaglia Elaine Stritch Vera Farmiga Joan Chen"
2034,Training Day,Action Crime Drama Thriller,2001,52.081131,,"On his first day on the job as a narcotics officer, a rookie cop works with a rogue detective who isn't what he appears. Action Crime Drama Thriller police brutality war on drugs drug traffic drug dealer los angeles gang member mexican american barrio cholo Denzel Washington Ethan Hawke Scott Glenn Tom Berenger Harris Yulin Antoine Fuqua"
10439,Hocus Pocus,Comedy Family Fantasy,1993,18.650748,,"After 300 years of slumber, three sister witches are accidentally resurrected in Salem on Halloween night, and it us up to three kids and their newfound feline friend to put an end to the witches' reign of terror once and for all. Comedy Family Fantasy witch halloween salem trick or treating spellcasting Bette Midler Sarah Jessica Parker Kathy Najimy Omri Katz Thora Birch Kenny Ortega"
112456,Hardflip,Drama Action,2012,0.341461,,"Hardflip follows the story of Caleb (Randy Wayne) a young skater whose ill mother (Rosanna Arquette) and absent father (John Schneider) leave him reaching for the only hope he has...becoming a sponsored skater. After his mother falls ill, Caleb finds a stack of old love letters. He sets out to find the father he never knew and inadvertently begins a journey he never could have expected. This story explores what happens when we let go of our anger and pain and forgive those who have hurt us most. Drama Action skateboarding forgiveness sport family relationships aftercreditsstinger Randy Wayne John Schneider Rosanna Arquette Sean Michael Afable Jason Dundas Johnny Remo"
10537,The Doors,Drama Music,1991,10.794175,,"The story of the famous and influential 1960's rock band and its lead singer and composer, Jim Morrison. Drama Music hippie poetry sex rock and roll nudity hallucination wilderness airplane musical addicted joint organ lsd biography alcoholism the doors car crash singer drug music band flashback blood ritual Val Kilmer Meg Ryan Kyle MacLachlan Frank Whaley Kevin Dillon Oliver Stone"
30867,Scott Walker: 30 Century Man,Documentary Music,2006,0.607782,,A documentary on the influential musician Scott Walker. Documentary Music music Scott Walker Damon Albarn David Bowie Jarvis Cocker Marc Almond Stephen Kijak
17202,Why Did I Get Married?,Comedy Drama,2007,2.005111,,"The film is about the difficulty of maintaining a solid relationship in modern times. Eight married college friends plus one other non-friend (all of whom have achieved middle to upper class economic status) go to Colorado for their annual week-long reunion, but the mood shifts when one couple's infidelity comes to light. Secrets are revealed and each couple begins to question their own marriage Comedy Drama  Tyler Perry Jill Scott Janet Jackson Michael Jai White Malik Yoba Tyler Perry"
595,To Kill a Mockingbird,Crime Drama,1962,22.139842,,"In a small Alabama town in the 1930s, scrupulously honest and highly respected lawyer, Atticus Finch puts his career on the line when he agrees to represent Tom Robinson, a black man accused of rape. The trial and the events surrounding it are seen through the eyes of Finch's six-year-old daughter, Scout. While Robinson's trial gives the movie its momentum, there are plenty of anecdotal occurrences before and after the court date: Scout's ever-strengthening bond with older brother, Jem, her friendship with precocious young Dill Harris, her father's no-nonsense reactions to such life-and-death crises as a rampaging mad dog, and especially Scout's reactions to, and relationship with, Boo Radley, the reclusive 'village idiot' who turns out to be her salvation when she is attacked by a venomous bigot. Crime Drama black people based on novel brother sister relationship becoming an adult isolation arbitrary law socially deprived family tree house wrong accusal farm worker intolerance exclusion court case defence right and justice court child Gregory Peck Brock Peters James Anderson Mary Badham Phillip Alford Robert Mulligan"
84174,Bachelorette,Comedy Romance,2012,20.95282,,Three friends are asked to be bridesmaids at a wedding of a woman they used to ridicule back in high school. Comedy Romance bridesmaid strip club female friendship reunion drug use wedding wedding dress childhood friends woman director bachelorette party bitch fat woman Kirsten Dunst Isla Fisher Lizzy Caplan Rebel Wilson Adam Scott Leslye Headland
82703,Mr. Peabody & Sherman,Animation Adventure Family,2014,38.73494,,"A young boy and his dog, who happens to have a genius-level IQ, spring into action when their time-travel machine is stolen and moments in history begin to be changed. Animation Adventure Family father son relationship egypt intelligence adoption time travel boy child prodigy friendship growing up children talking animal talking dog dog first love ancient egypt time traveler duringcreditsstinger new school george washington gags trouble time paradox prodigy Ty Burrell Max Charles Ariel Winter Allison Janney Ellie Kemper Rob Minkoff"
10776,Little Shop of Horrors,Horror Comedy Music,1986,12.113235,,"Seymour Krelborn is a nerdy orphan working at Mushnik's, a flower shop in urban Skid Row. He harbors a crush on fellow co-worker Audrey Fulquard, and is berated by Mr. Mushnik daily. One day as Seymour is seeking a new mysterious plant, he finds a very mysterious unidentified plant which he calls Audrey II. The plant seems to have a craving for blood and soon begins to sing for his supper. Horror Comedy Music flower solar eclipse florist assistant plants success aggression by plant investigation nerd blonde carnivorous plant remake crush based on play motorcycle eclipse part animated dentist bum killer plant based on stage musical skid row based on film plant food flesh eating plant inept assistant cult classic man eating plant Rick Moranis Ellen Greene Vincent Gardenia Steve Martin Tisha Campbell-Martin Frank Oz"
6073,The Mexican,Action Comedy Crime Romance,2001,21.021809,,"Jerry Welbach, a reluctant bagman, has been given two ultimatums: The first is from his mob boss to travel to Mexico and retrieve a priceless antique pistol, known as ""the Mexican""... or suffer the consequences. The second is from his girlfriend Samantha to end his association with the mob. Jerry figures alive and in trouble with Samantha is better than the more permanent alternative, so he heads south of the border. Action Comedy Crime Romance kidnapping pistol Brad Pitt Julia Roberts James Gandolfini J.K. Simmons Gene Hackman Gore Verbinski"
26039,Point Blank,Action Crime Drama Thriller,1967,5.164423,,"After being double-crossed and left for dead, a mysterious man named Walker single-mindedly tries to retrieve the rather inconsequential sum of money that was stolen from him. Action Crime Drama Thriller alcatraz revenge organized crime Lee Marvin Angie Dickinson Keenan Wynn Carroll O'Connor Lloyd Bochner John Boorman"
18869,Jimmy and Judy,Action Crime Drama Thriller,2006,1.255771,,Two misunderstood suburban kids challenge society and run from the police while documenting all of their deeds with a digital camera. Action Crime Drama Thriller police revenge independent film video camera on the run Edward Furlong Rachael Bella William Sadler Randall Rubin Jon Schroder
2977,Becoming Jane,Drama Romance,2007,18.236284,,A biographical portrait of a pre-fame Jane Austen and her romance with a young Irishman. Drama Romance england judge irland new love empowerment country life future letter law lovers creativity sister author family Anne Hathaway James McAvoy Julie Walters James Cromwell Maggie Smith Julian Jarrold
19366,Josie and the Pussycats,Comedy Music,2001,6.404571,,"Josie, Melody and Val are three small-town girl musicians determined to take their rock band out of their garage and straight to the top, while remaining true to their look, style and sound. They get a record deal which brings fame and fortune but soon realize they are pawns of two people who want to control the youth of America. They must clear their names, even if it means losing fame and fortune. Comedy Music manager pop secret small town garage musician music friendship industry fame conspiracy subliminal  rock band culture woman director messages fortune record deal popular pawns Rachael Leigh Cook Rosario Dawson Tara Reid Gabriel Mann Alan Cumming Deborah Kaplan Harry Elfont"
18713,The Jerky Boys,Comedy Crime,1995,1.735462,,"When two unemployed telephone pranksters decide to use their vocal ""talents"" to impersonate a Chicago mob boss and curry favor with organized crime in New York, the trouble begins. It isn't long before Johnny and Kamal (the ""Jerky Boys"" of crank call fame) are wanted by the local mafia, the police, and their neighbor. Comedy Crime new york telephone joke gangster John G. Brennan Kamal Ahmed Alan Arkin William Hickey Vincent Pastore James Melkonian"
9335,Transporter 2,Action Thriller Crime,2005,47.5612,,"Professional driver Frank Martin is living in Miami, where he is temporarily filling in for a friend as the chauffeur for a government narcotics control policymaker and his family. The young boy in the family is targeted for kidnapping, and Frank immediately becomes involved in protecting the child and exposing the kidnappers. Action Thriller Crime martial arts war on drugs kidnapping bodyguard baby-snatching Jason Statham Amber Valletta Kate Nauta Alessandro Gassman François Berléand Louis Leterrier"
53256,Drei,Romance Drama Comedy,2010,5.937602,,"Hanna and Simon are in a 20 year marriage with an unexiting relationship. By chance, they both meet and start separate affairs with Adam. Adam has no idea that his two lovers are married, until they are all found out when Hanna becomes pregnant, with the natural doubts stemming from their situation. Romance Drama Comedy sex bisexual science Sophie Rois Sebastian Schipper Devid Striesow Annedore Kleist Alexander Hörbe Tom Tykwer"
23082,The Invention of Lying,Comedy Romance Fantasy,2009,16.665841,,"Set in a world where the concept of lying doesn't exist, a loser changes his lot when he invents lying and uses it to get ahead. Comedy Romance Fantasy  Ricky Gervais Jennifer Garner Jonah Hill Louis C.K. Jeffrey Tambor Ricky Gervais Matthew Robinson"
325140,Hum To Mohabbat Karega,,2000,0.001186,,"Raju, a waiter, is in love with the famous TV reporter Greeta Kapoor. After a man is murdered, Kapoor shows up at Raju's door to ask him some questions - it turns out that Raju served the dead man his last supper, and the authorities hope that he might be able to help them. Raju lies and says that he was an eye witness, in order to spend more time with Kapoor. He gives the police a false description of the killer, but it matches his best friend Kutti, so soon Kutti is wanted by the police, and the Mafia, who is responsible for the killing, is after Raju.    "
8847,Standard Operating Procedure,Documentary,2008,0.888986,,Errol Morris examines the incidents of abuse and torture of suspected terrorists at the hands of U.S. forces at the Abu Ghraib prison. Documentary prison prisoner jail guard prison cell bagdad iraq photography detention camp torture soldier humiliation Javal Davis Ken Davis Tony Diaz Tim Dugan Lynndie England Errol Morris
12245,The Oxford Murders,Crime Mystery Thriller,2008,9.318033,,"At Oxford University, a professor and a grad student work together to try and stop a potential series of murders seemingly linked by mathematical symbols Crime Mystery Thriller mathematician mathematics oxford symbol triangle mass child killing Elijah Wood John Hurt Leonor Watling Julie Cox Jim Carter Álex de la Iglesia"
10781,The Texas Chainsaw Massacre: The Beginning,Horror,2006,21.380635,,"Chrissie and her friends set out on a road trip for a final fling before one is shipped off to Vietnam. Along the way, bikers harass the foursome and cause an accident that throws Chrissie from the vehicle. The lawman who arrives on the scene kills one of the bikers and brings Chrissie's friends to the Hewitt homestead, where young Leatherface is learning the tools of terror. Horror mass murder planned murder chain saw sadism knife psychopath prequel murder gore serial killer blood leatherface slaughterhouse slasher chainsaw torture cruelty series of murders violence cannibal severed foot severed hand Jordana Brewster Taylor Handley Diora Baird Matt Bomer R. Lee Ermey Jonathan Liebesman"
227735,Dolphin Tale 2,Family Drama,2014,6.967857,,The team of people who saved Winter's life reassemble in the wake of her surrogate mother's passing in order to find her a companion so she can remain at the Clearwater Marine Hospital. Family Drama dolphin aquarium swimming Morgan Freeman Ashley Judd Nathan Gamble Cozi Zuehlsdorff Harry Connick Jr. Charles Martin Smith
12586,Bella,Drama Romance,2006,1.814802,,"An international soccer star is on his way to sign a multimillion dollar contract when something happens that brings his career to an abrupt end. A beautiful waitress, struggling to make it in New York City, discovers something about herself that she's unprepared for. In one irreversible moment, their lives are turned upside down. Drama Romance waitress beach independent film soccer girl chance meeting flashback Tammy Blanchard Angélica Aragón Ali Landry Jaime Tirelli Manny Pérez Alejandro Monteverde"
10914,All Hat,Action Comedy Drama Western,2007,0.137535,,"An ex-con returns to his rural Ontario roots and outwits a corrupt and wealthy thoroughbred owner trying to take over a slew of local farms. Ray Dokes, a charming ex-ballplayer, returns from jail to discover the rural landscape of his childhood transformed by urban development. Determined to stay out of trouble, Ray heads to the farm of his old friend Pete Culpepper, a crusty Texas cowboy who trains losing racehorses and whose debts are growing faster than his corn. Action Comedy Drama Western indian territory horse ranch stetson urbanisierung best friend Rachael Leigh Cook Luke Kirby Keith Carradine Lisa Ray Graham Greene Leonard Farlinger"
37821,Killers,Action Comedy Thriller Romance,2010,23.004607,,"When an elite assassin marries a beautiful computer whiz after a whirlwind romance, he gives up the gun and settles down with his new bride. That is, until he learns that someone from his past has put a contract out on his life. Action Comedy Thriller Romance assassin Katherine Heigl Ashton Kutcher Tom Selleck Catherine O'Hara Alex Borstein Robert Luketic"
4958,The Legend of Bagger Vance,Fantasy Drama,2000,16.848899,,"World War I has left golfer Rannulph Junuh a poker-playing alcoholic, his perfect swing gone. Now, however, he needs to get it back to play in a tournament to save the financially ravaged golf course of a long-ago sweetheart. Help arrives in the form of mysterious caddy Bagger Vance. Fantasy Drama competition world war i great depression caddy savannah Matt Damon Bruce McGill Charlize Theron Will Smith Joel Gretsch Robert Redford"
44945,Trust,Crime Drama Thriller,2010,21.230737,,"A suburban family is torn apart when fourteen-year-old Annie meets her first boyfriend online. After months of communicating via online chat and phone, Annie discovers her friend is not who he originally claimed to be. Shocked into disbelief, her parents are shattered by their daughter's actions and struggle to support her as she comes to terms with what has happened to her once innocent life. Crime Drama Thriller rape obsession lie job independent film teenage girl school internet best friend counselor internet chat duringcreditsstinger online chat catfishing online hookup online predator Clive Owen Catherine Keener Liana Liberato Jason Clarke Viola Davis David Schwimmer"
14538,三国之见龙卸甲,Action History Drama,2008,4.127155,,"The aging Zhao embarks on his final and greatest campaign, a road to adventure that will crown his name in glory for all time. Action History Drama warrior woman number in title Sammo Hung Vanness Wu Maggie Q Andy Lau Ti Lung Daniel Lee"
20862,Smoke Signals,Drama Comedy,1998,2.304552,,"Young Indian man Thomas is a nerd in his reservation, wearing oversize glasses and telling everyone stories no-one wants to hear. His parents died in a fire in 1976, and Thomas was saved by Arnold. Arnold soon left his family, and Victor hasn't seen his father for 10 years. When Victor hears Arnold has died, Thomas offers him funding for the trip to get Arnold's remains Drama Comedy  Adam Beach Evan Adams Irene Bedard Gary Farmer Tantoo Cardinal Chris Eyre"
11812,The Sweetest Thing,Romance Comedy,2002,18.65632,,"Christina's love life is stuck in neutral. After years of avoiding the hazards of a meaningful relationship, one night while club-hopping with her girlfriends, she meets Peter, her perfect match. Fed up with playing games, she finally gets the courage to let her guard down and follow her heart, only to discover that Peter has suddenly left town. Accompanied by Courtney, she sets out to capture the one that got away. Romance Comedy roommate marriage aftercreditsstinger duringcreditsstinger Cameron Diaz Christina Applegate Thomas Jane Selma Blair Jason Bateman Roger Kumble"
2067,Mission to Mars,Science Fiction,2000,16.058284,,"When contact is lost with the crew of the first Mars expedition, a rescue mission is launched to discover their fate. Science Fiction mars spacecraft space travel alien long take outer space astronaut dismemberment alien contact trapped in space Gary Sinise Tim Robbins Don Cheadle Connie Nielsen Jerry O'Connell Brian De Palma"
16110,Thomas and the Magic Railroad,Animation Drama Family Science Fiction,2000,1.916351,,"Mr. Conductor's supply of magic gold dust, which allows him to travel between Shining Time and Thomas's island, is critically low. Unfortunately, he doesn't know how to get more. Meanwhile, Thomas is fending off attacks by the nasty diesel engines. Getting more gold dust will require help from Mr. C's slacker cousin, his new friend Lily and her morose grandfather, plus the secret engine. Animation Drama Family Science Fiction  Alec Baldwin Peter Fonda Mara Wilson Britt Allcroft"
16558,Duplicity,Romance Comedy Crime,2009,13.630049,,Two romantically-engaged corporate spies team up to manipulate a corporate race to corner the market on a medical innovation that will reap huge profits and enable them to lead an extravagant lifestyle together. Romance Comedy Crime spy Clive Owen Julia Roberts Paul Giamatti Tom Wilkinson Lisa Roberts Gillan Tony Gilroy
848,Dragonslayer,Fantasy,1981,3.258422,,The sorcerer and his apprentice Galen are on a mission to kill an evil dragon in order to save the King’s daughter from being sacrificed in accordance to a pact that the King himself made with the dragon to protect his kingdom. A fantasy film from Disney Studios that exhausted all possible visual effects of the time. Fantasy secret identity self sacrifice magic virgin solar eclipse sacrifice sorcerer's apprentice amulet lottery brood egg princess sorcerer human sacrifice dragon hidden identity crossdressing landslide sword and sorcery Peter MacNicol Caitlin Clarke Ralph Richardson John Hallam Peter Eyre Matthew Robbins
43923,It's Kind of a Funny Story,Comedy Drama,2010,13.143045,,A clinically depressed teenager gets a new start after he checks himself into an adult psychiatric ward. Comedy Drama suicide depression independent film coming of age teen movie teenager psychiatric ward woman director based on young adult novel Keir Gilchrist Emma Roberts Zach Galifianakis Viola Davis Zoë Kravitz Ryan Fleck Anna Boden
155,The Dark Knight,Drama Action Crime Thriller,2008,187.322927,,"Batman raises the stakes in his war on crime. With the help of Lt. Jim Gordon and District Attorney Harvey Dent, Batman sets out to dismantle the remaining criminal organizations that plague the streets. The partnership proves to be effective, but they soon find themselves prey to a reign of chaos unleashed by a rising criminal mastermind known to the terrified citizens of Gotham as the Joker. Drama Action Crime Thriller dc comics crime fighter secret identity scarecrow sadism chaos gotham city vigilante joker superhero based on comic book tragic hero organized crime criminal mastermind district attorney imax super villain super powers batman Christian Bale Heath Ledger Aaron Eckhart Michael Caine Maggie Gyllenhaal Christopher Nolan"
11004,Wonder Boys,Comedy Drama,2000,9.011729,,"Grady (Michael Douglas) is a 50-ish English professor who hasn't had a thing published in years -- not since he wrote his award winning ""Great American Novel"" 7 years ago. This weekend proves even worse than he could imagine as he finds himself reeling from one misadventure to another in the company of a new wonder boy author. Comedy Drama adultery robbery based on novel professor college police party liar marijuana writer university drug dog Michael Douglas Tobey Maguire Frances McDormand Katie Holmes Rip Torn Curtis Hanson"
22,Pirates of the Caribbean: The Curse of the Black Pearl,Adventure Fantasy Action,2003,271.972889,,"Jack Sparrow, a freewheeling 17th-century pirate who roams the Caribbean Sea, butts heads with a rival pirate bent on pillaging the village of Port Royal. When the governor's daughter is kidnapped, Sparrow decides to help the girl's love save her. But their seafaring mission is hardly simple. Adventure Fantasy Action exotic island blacksmith east india trading company gold marriage proposal mutiny jamaica skeleton daughter governor wooden eye gold coin pirate alcoholic swashbuckler caribbean aftercreditsstinger pirate ship capuchin monkey tortuga Johnny Depp Geoffrey Rush Orlando Bloom Keira Knightley Jack Davenport Gore Verbinski"
1997,Deux frères,Adventure Drama Family,2004,8.884318,,"Two tigers are separated as cubs and taken into captivity, only to be reunited years later as enemies by an explorer (Pearce) who inadvertently forces them to fight each other. Adventure Drama Family brother brother relationship loss of brother cambodia chase tiger governor royalty travelling circus archaeologist Maï Anh Le Guy Pearce Oanh Nguyen Jaran 'See Tao' Petcharoen Stéphanie Lagarde Jean-Jacques Annaud"
1429,25th Hour,Crime Drama,2002,30.196039,,"The filmed adaptation from David Benioff's novel of the same name. Set in New York, a convicted drug dealer named Monty has one day left of freedom before he is sent to prison. Anger, blame, frustration, betrayal, guilt and loneliness are themes on this last day of friends, family, parties, saying goodbye, and setting things straight. A Spike Lee joint. Crime Drama prison prisoner dream drug dealer nightclub american dream male friendship melancholy girlfriend friendship aftercreditsstinger Edward Norton Philip Seymour Hoffman Barry Pepper Rosario Dawson Anna Paquin Spike Lee"
17287,Poultrygeist: Night of the Chicken Dead,Horror Comedy,2006,3.905877,,"Humans... the other white meat... Unless you're black, then it's dark meat... Or if you are Asian, then it's yellow meat... Or if you are Native American, it's red meat... Horror Comedy musical zombie Jason Yachanin Kate Graham Allyson Sereboff Robin L. Watkins Joshua Olatunde Lloyd Kaufman"
1880,Red Dawn,Action Thriller,1984,11.743085,,"It is the mid-1980s. From out of the sky, Soviet and Cuban troops begin landing on the football field of a Colorado high school. In seconds, the paratroops have attacked the school and sent a group of teenagers fleeing into the mountains. Armed only with hunting rifles, pistols and bows and arrows, the teens struggles to survive the bitter winter and Soviet KGB patrols hunting for them. Action Thriller guerrilla colorado invasion anti-communism near future red army Patrick Swayze C. Thomas Howell Lea Thompson Darren Dalton Charlie Sheen John Milius"
